<?xml version="1.0" encoding="UTF-8"?>
<mesh>
    <sharedgeometry vertexcount="72">
        <vertexbuffer normals="true" positions="true" texture_coords="1" colours_diffuse="False">
            <vertex>
                <position y="-0.016173" x="6.033181" z="-14.304619"/>
                <normal y="-0.000000" x="-1.000000" z="-0.000000"/>
                <texcoord u="8.671133" v="1.520217"/>
            </vertex>
            <vertex>
                <position y="-0.016173" x="6.033181" z="-0.011825"/>
                <normal y="-0.000000" x="-1.000000" z="-0.000000"/>
                <texcoord u="0.690011" v="1.520217"/>
            </vertex>
            <vertex>
                <position y="0.842443" x="6.033181" z="-0.011825"/>
                <normal y="-0.000000" x="-1.000000" z="-0.000000"/>
                <texcoord u="0.690011" v="1.040764"/>
            </vertex>
            <vertex>
                <position y="0.842443" x="6.033181" z="-14.304619"/>
                <normal y="-0.000000" x="-1.000000" z="-0.000000"/>
                <texcoord u="8.671133" v="1.040764"/>
            </vertex>
            <vertex>
                <position y="0.842443" x="6.033181" z="-14.304619"/>
                <normal y="-0.000000" x="0.000000" z="-1.000000"/>
                <texcoord u="1.111570" v="1.040764"/>
            </vertex>
            <vertex>
                <position y="0.842443" x="6.896606" z="-14.304619"/>
                <normal y="-0.000000" x="0.000000" z="-1.000000"/>
                <texcoord u="1.593708" v="1.040764"/>
            </vertex>
            <vertex>
                <position y="-0.016173" x="6.896606" z="-14.304619"/>
                <normal y="-0.000000" x="0.000000" z="-1.000000"/>
                <texcoord u="1.593708" v="1.520217"/>
            </vertex>
            <vertex>
                <position y="-0.016173" x="6.033181" z="-14.304619"/>
                <normal y="-0.000000" x="0.000000" z="-1.000000"/>
                <texcoord u="1.111570" v="1.520217"/>
            </vertex>
            <vertex>
                <position y="0.842443" x="6.896606" z="-14.304619"/>
                <normal y="-0.000000" x="1.000000" z="-0.000000"/>
                <texcoord u="-0.039936" v="1.040764"/>
            </vertex>
            <vertex>
                <position y="0.842443" x="6.896606" z="-0.011825"/>
                <normal y="-0.000000" x="1.000000" z="-0.000000"/>
                <texcoord u="-8.021057" v="1.040764"/>
            </vertex>
            <vertex>
                <position y="-0.016173" x="6.896606" z="-0.011825"/>
                <normal y="-0.000000" x="1.000000" z="-0.000000"/>
                <texcoord u="-8.021057" v="1.520217"/>
            </vertex>
            <vertex>
                <position y="-0.016173" x="6.896606" z="-14.304619"/>
                <normal y="-0.000000" x="1.000000" z="-0.000000"/>
                <texcoord u="-0.039936" v="1.520217"/>
            </vertex>
            <vertex>
                <position y="-0.016173" x="6.033181" z="-0.011825"/>
                <normal y="-0.000000" x="0.000000" z="1.000000"/>
                <texcoord u="-0.340275" v="1.520217"/>
            </vertex>
            <vertex>
                <position y="-0.016173" x="6.896606" z="-0.011825"/>
                <normal y="-0.000000" x="0.000000" z="1.000000"/>
                <texcoord u="0.141863" v="1.520217"/>
            </vertex>
            <vertex>
                <position y="0.842443" x="6.896606" z="-0.011825"/>
                <normal y="-0.000000" x="0.000000" z="1.000000"/>
                <texcoord u="0.141863" v="1.040764"/>
            </vertex>
            <vertex>
                <position y="0.842443" x="6.033181" z="-0.011825"/>
                <normal y="-0.000000" x="0.000000" z="1.000000"/>
                <texcoord u="-0.340275" v="1.040764"/>
            </vertex>
            <vertex>
                <position y="-0.016173" x="6.033181" z="-0.011825"/>
                <normal y="-1.000000" x="-0.000000" z="-0.000000"/>
                <texcoord u="1.111570" v="1.523376"/>
            </vertex>
            <vertex>
                <position y="-0.016173" x="6.033181" z="-14.304619"/>
                <normal y="-1.000000" x="-0.000000" z="-0.000000"/>
                <texcoord u="1.111570" v="-6.457745"/>
            </vertex>
            <vertex>
                <position y="-0.016173" x="6.896606" z="-14.304619"/>
                <normal y="-1.000000" x="-0.000000" z="-0.000000"/>
                <texcoord u="1.593708" v="-6.457745"/>
            </vertex>
            <vertex>
                <position y="-0.016173" x="6.896606" z="-0.011825"/>
                <normal y="-1.000000" x="-0.000000" z="-0.000000"/>
                <texcoord u="1.593708" v="1.523376"/>
            </vertex>
            <vertex>
                <position y="0.842443" x="6.896606" z="-0.011825"/>
                <normal y="1.000000" x="-0.000000" z="-0.000000"/>
                <texcoord u="0.141863" v="1.523376"/>
            </vertex>
            <vertex>
                <position y="0.842443" x="6.896606" z="-14.304619"/>
                <normal y="1.000000" x="-0.000000" z="-0.000000"/>
                <texcoord u="0.141863" v="-6.457745"/>
            </vertex>
            <vertex>
                <position y="0.842443" x="6.033181" z="-14.304619"/>
                <normal y="1.000000" x="-0.000000" z="-0.000000"/>
                <texcoord u="-0.340275" v="-6.457745"/>
            </vertex>
            <vertex>
                <position y="0.842443" x="6.033181" z="-0.011825"/>
                <normal y="1.000000" x="-0.000000" z="-0.000000"/>
                <texcoord u="-0.340275" v="1.523376"/>
            </vertex>
            <vertex>
                <position y="0.842443" x="-7.262132" z="-0.011825"/>
                <normal y="0.000000" x="-1.000000" z="-0.000000"/>
                <texcoord u="0.690011" v="1.040764"/>
            </vertex>
            <vertex>
                <position y="0.842443" x="-7.262132" z="-14.304619"/>
                <normal y="0.000000" x="-1.000000" z="-0.000000"/>
                <texcoord u="8.671133" v="1.040764"/>
            </vertex>
            <vertex>
                <position y="-0.016173" x="-7.262132" z="-14.304619"/>
                <normal y="0.000000" x="-1.000000" z="-0.000000"/>
                <texcoord u="8.671133" v="1.520217"/>
            </vertex>
            <vertex>
                <position y="-0.016173" x="-7.262132" z="-0.011825"/>
                <normal y="0.000000" x="-1.000000" z="-0.000000"/>
                <texcoord u="0.690011" v="1.520217"/>
            </vertex>
            <vertex>
                <position y="0.842443" x="-7.262132" z="-14.304619"/>
                <normal y="-0.000000" x="0.000000" z="-1.000000"/>
                <texcoord u="0.946667" v="1.040764"/>
            </vertex>
            <vertex>
                <position y="0.842443" x="-6.398707" z="-14.304619"/>
                <normal y="-0.000000" x="0.000000" z="-1.000000"/>
                <texcoord u="1.428805" v="1.040764"/>
            </vertex>
            <vertex>
                <position y="-0.016173" x="-6.398707" z="-14.304619"/>
                <normal y="-0.000000" x="0.000000" z="-1.000000"/>
                <texcoord u="1.428805" v="1.520217"/>
            </vertex>
            <vertex>
                <position y="-0.016173" x="-7.262132" z="-14.304619"/>
                <normal y="-0.000000" x="0.000000" z="-1.000000"/>
                <texcoord u="0.946667" v="1.520217"/>
            </vertex>
            <vertex>
                <position y="0.842443" x="-6.398707" z="-14.304619"/>
                <normal y="-0.000000" x="1.000000" z="-0.000000"/>
                <texcoord u="-0.039936" v="1.040764"/>
            </vertex>
            <vertex>
                <position y="0.842443" x="-6.398707" z="-0.011825"/>
                <normal y="-0.000000" x="1.000000" z="-0.000000"/>
                <texcoord u="-8.021057" v="1.040764"/>
            </vertex>
            <vertex>
                <position y="-0.016173" x="-6.398707" z="-0.011825"/>
                <normal y="-0.000000" x="1.000000" z="-0.000000"/>
                <texcoord u="-8.021057" v="1.520217"/>
            </vertex>
            <vertex>
                <position y="-0.016173" x="-6.398707" z="-14.304619"/>
                <normal y="-0.000000" x="1.000000" z="-0.000000"/>
                <texcoord u="-0.039936" v="1.520217"/>
            </vertex>
            <vertex>
                <position y="0.842443" x="-6.398707" z="-0.011825"/>
                <normal y="0.000000" x="0.000000" z="1.000000"/>
                <texcoord u="-0.023039" v="1.040764"/>
            </vertex>
            <vertex>
                <position y="0.842443" x="-7.262132" z="-0.011825"/>
                <normal y="0.000000" x="0.000000" z="1.000000"/>
                <texcoord u="-0.505177" v="1.040764"/>
            </vertex>
            <vertex>
                <position y="-0.016173" x="-7.262132" z="-0.011825"/>
                <normal y="0.000000" x="0.000000" z="1.000000"/>
                <texcoord u="-0.505177" v="1.520217"/>
            </vertex>
            <vertex>
                <position y="-0.016173" x="-6.398707" z="-0.011825"/>
                <normal y="0.000000" x="0.000000" z="1.000000"/>
                <texcoord u="-0.023039" v="1.520217"/>
            </vertex>
            <vertex>
                <position y="-0.016173" x="-7.262132" z="-0.011825"/>
                <normal y="-1.000000" x="-0.000000" z="-0.000000"/>
                <texcoord u="0.946667" v="1.523376"/>
            </vertex>
            <vertex>
                <position y="-0.016173" x="-7.262132" z="-14.304619"/>
                <normal y="-1.000000" x="-0.000000" z="-0.000000"/>
                <texcoord u="0.946667" v="-6.457745"/>
            </vertex>
            <vertex>
                <position y="-0.016173" x="-6.398707" z="-14.304619"/>
                <normal y="-1.000000" x="-0.000000" z="-0.000000"/>
                <texcoord u="1.428805" v="-6.457745"/>
            </vertex>
            <vertex>
                <position y="-0.016173" x="-6.398707" z="-0.011825"/>
                <normal y="-1.000000" x="-0.000000" z="-0.000000"/>
                <texcoord u="1.428805" v="1.523376"/>
            </vertex>
            <vertex>
                <position y="0.842443" x="-6.398707" z="-0.011825"/>
                <normal y="1.000000" x="-0.000000" z="-0.000000"/>
                <texcoord u="-0.023039" v="1.523376"/>
            </vertex>
            <vertex>
                <position y="0.842443" x="-6.398707" z="-14.304619"/>
                <normal y="1.000000" x="-0.000000" z="-0.000000"/>
                <texcoord u="-0.023039" v="-6.457745"/>
            </vertex>
            <vertex>
                <position y="0.842443" x="-7.262132" z="-14.304619"/>
                <normal y="1.000000" x="-0.000000" z="-0.000000"/>
                <texcoord u="-0.505177" v="-6.457745"/>
            </vertex>
            <vertex>
                <position y="0.842443" x="-7.262132" z="-0.011825"/>
                <normal y="1.000000" x="-0.000000" z="-0.000000"/>
                <texcoord u="-0.505177" v="1.523376"/>
            </vertex>
            <vertex>
                <position y="0.842443" x="-7.252133" z="-14.279131"/>
                <normal y="0.000000" x="-1.000000" z="-0.000000"/>
                <texcoord u="-0.054168" v="1.040764"/>
            </vertex>
            <vertex>
                <position y="0.842443" x="-7.252133" z="-15.046360"/>
                <normal y="0.000000" x="-1.000000" z="-0.000000"/>
                <texcoord u="0.374254" v="1.040764"/>
            </vertex>
            <vertex>
                <position y="-0.016173" x="-7.252133" z="-15.046360"/>
                <normal y="0.000000" x="-1.000000" z="-0.000000"/>
                <texcoord u="0.374254" v="1.520217"/>
            </vertex>
            <vertex>
                <position y="-0.016173" x="-7.252133" z="-14.279131"/>
                <normal y="0.000000" x="-1.000000" z="-0.000000"/>
                <texcoord u="-0.054168" v="1.520217"/>
            </vertex>
            <vertex>
                <position y="0.842443" x="-7.252133" z="-15.046360"/>
                <normal y="-0.000000" x="0.000000" z="-1.000000"/>
                <texcoord u="0.952250" v="1.040764"/>
            </vertex>
            <vertex>
                <position y="0.842443" x="6.874222" z="-15.046360"/>
                <normal y="-0.000000" x="0.000000" z="-1.000000"/>
                <texcoord u="8.840432" v="1.040764"/>
            </vertex>
            <vertex>
                <position y="-0.016173" x="6.874222" z="-15.046360"/>
                <normal y="-0.000000" x="0.000000" z="-1.000000"/>
                <texcoord u="8.840432" v="1.520217"/>
            </vertex>
            <vertex>
                <position y="-0.016173" x="-7.252133" z="-15.046360"/>
                <normal y="-0.000000" x="0.000000" z="-1.000000"/>
                <texcoord u="0.952250" v="1.520217"/>
            </vertex>
            <vertex>
                <position y="0.842443" x="6.874222" z="-15.046360"/>
                <normal y="-0.000000" x="1.000000" z="-0.000000"/>
                <texcoord u="0.374254" v="1.040764"/>
            </vertex>
            <vertex>
                <position y="0.842443" x="6.874222" z="-14.279131"/>
                <normal y="-0.000000" x="1.000000" z="-0.000000"/>
                <texcoord u="-0.054168" v="1.040764"/>
            </vertex>
            <vertex>
                <position y="-0.016173" x="6.874222" z="-14.279131"/>
                <normal y="-0.000000" x="1.000000" z="-0.000000"/>
                <texcoord u="-0.054168" v="1.520217"/>
            </vertex>
            <vertex>
                <position y="-0.016173" x="6.874222" z="-15.046360"/>
                <normal y="-0.000000" x="1.000000" z="-0.000000"/>
                <texcoord u="0.374254" v="1.520217"/>
            </vertex>
            <vertex>
                <position y="0.842443" x="6.874222" z="-14.279131"/>
                <normal y="0.000000" x="0.000000" z="1.000000"/>
                <texcoord u="0.129364" v="1.040764"/>
            </vertex>
            <vertex>
                <position y="0.842443" x="-7.252133" z="-14.279131"/>
                <normal y="0.000000" x="0.000000" z="1.000000"/>
                <texcoord u="-7.758817" v="1.040764"/>
            </vertex>
            <vertex>
                <position y="-0.016173" x="-7.252133" z="-14.279131"/>
                <normal y="0.000000" x="0.000000" z="1.000000"/>
                <texcoord u="-7.758817" v="1.520217"/>
            </vertex>
            <vertex>
                <position y="-0.016173" x="6.874222" z="-14.279131"/>
                <normal y="0.000000" x="0.000000" z="1.000000"/>
                <texcoord u="0.129364" v="1.520217"/>
            </vertex>
            <vertex>
                <position y="-0.016173" x="-7.252133" z="-14.279131"/>
                <normal y="-1.000000" x="-0.000000" z="-0.000000"/>
                <texcoord u="0.952250" v="2.267555"/>
            </vertex>
            <vertex>
                <position y="-0.016173" x="-7.252133" z="-15.046360"/>
                <normal y="-1.000000" x="-0.000000" z="-0.000000"/>
                <texcoord u="0.952250" v="1.839133"/>
            </vertex>
            <vertex>
                <position y="-0.016173" x="6.874222" z="-15.046360"/>
                <normal y="-1.000000" x="-0.000000" z="-0.000000"/>
                <texcoord u="8.840432" v="1.839133"/>
            </vertex>
            <vertex>
                <position y="-0.016173" x="6.874222" z="-14.279131"/>
                <normal y="-1.000000" x="-0.000000" z="-0.000000"/>
                <texcoord u="8.840432" v="2.267555"/>
            </vertex>
            <vertex>
                <position y="0.842443" x="6.874222" z="-14.279131"/>
                <normal y="1.000000" x="-0.000000" z="-0.000000"/>
                <texcoord u="0.129364" v="2.267555"/>
            </vertex>
            <vertex>
                <position y="0.842443" x="6.874222" z="-15.046360"/>
                <normal y="1.000000" x="-0.000000" z="-0.000000"/>
                <texcoord u="0.129364" v="1.839133"/>
            </vertex>
            <vertex>
                <position y="0.842443" x="-7.252133" z="-15.046360"/>
                <normal y="1.000000" x="-0.000000" z="-0.000000"/>
                <texcoord u="-7.758817" v="1.839133"/>
            </vertex>
            <vertex>
                <position y="0.842443" x="-7.252133" z="-14.279131"/>
                <normal y="1.000000" x="-0.000000" z="-0.000000"/>
                <texcoord u="-7.758817" v="2.267555"/>
            </vertex>
        </vertexbuffer>
    </sharedgeometry>
    <submeshes>
        <submesh operationtype="triangle_list" usesharedvertices="true" material="laterales" use32bitindexes="False">
            <faces count="36">
                <face v3="2" v2="1" v1="0"/>
                <face v3="3" v2="2" v1="0"/>
                <face v3="6" v2="5" v1="4"/>
                <face v3="7" v2="6" v1="4"/>
                <face v3="10" v2="9" v1="8"/>
                <face v3="11" v2="10" v1="8"/>
                <face v3="14" v2="13" v1="12"/>
                <face v3="15" v2="14" v1="12"/>
                <face v3="18" v2="17" v1="16"/>
                <face v3="19" v2="18" v1="16"/>
                <face v3="22" v2="21" v1="20"/>
                <face v3="23" v2="22" v1="20"/>
                <face v3="26" v2="25" v1="24"/>
                <face v3="27" v2="26" v1="24"/>
                <face v3="30" v2="29" v1="28"/>
                <face v3="31" v2="30" v1="28"/>
                <face v3="34" v2="33" v1="32"/>
                <face v3="35" v2="34" v1="32"/>
                <face v3="38" v2="37" v1="36"/>
                <face v3="39" v2="38" v1="36"/>
                <face v3="42" v2="41" v1="40"/>
                <face v3="43" v2="42" v1="40"/>
                <face v3="46" v2="45" v1="44"/>
                <face v3="47" v2="46" v1="44"/>
                <face v3="50" v2="49" v1="48"/>
                <face v3="51" v2="50" v1="48"/>
                <face v3="54" v2="53" v1="52"/>
                <face v3="55" v2="54" v1="52"/>
                <face v3="58" v2="57" v1="56"/>
                <face v3="59" v2="58" v1="56"/>
                <face v3="62" v2="61" v1="60"/>
                <face v3="63" v2="62" v1="60"/>
                <face v3="66" v2="65" v1="64"/>
                <face v3="67" v2="66" v1="64"/>
                <face v3="70" v2="69" v1="68"/>
                <face v3="71" v2="70" v1="68"/>
            </faces>
        </submesh>
    </submeshes>
    <submeshnames>
        <submesh index="0" name="laterales">
        </submesh>
    </submeshnames>
</mesh>