<?xml version="1.0" encoding="UTF-8"?>
<mesh>
    <sharedgeometry vertexcount="24">
        <vertexbuffer normals="true" positions="true" texture_coords="1" colours_diffuse="False">
            <vertex>
                <position y="-0.116154" x="-7.272000" z="-15.051416"/>
                <normal y="-0.000000" x="-1.000000" z="-0.000000"/>
                <texcoord u="0.951265" v="0.809349"/>
            </vertex>
            <vertex>
                <position y="-0.116154" x="-7.272000" z="-0.037839"/>
                <normal y="-0.000000" x="-1.000000" z="-0.000000"/>
                <texcoord u="0.515943" v="0.809349"/>
            </vertex>
            <vertex>
                <position y="-0.031250" x="-7.272000" z="-0.037839"/>
                <normal y="-0.000000" x="-1.000000" z="-0.000000"/>
                <texcoord u="0.515943" v="0.806140"/>
            </vertex>
            <vertex>
                <position y="-0.031250" x="-7.272000" z="-15.051416"/>
                <normal y="-0.000000" x="-1.000000" z="-0.000000"/>
                <texcoord u="0.951265" v="0.806140"/>
            </vertex>
            <vertex>
                <position y="-0.031250" x="-7.272000" z="-15.051416"/>
                <normal y="-0.000000" x="0.000000" z="-1.000000"/>
                <texcoord u="0.528230" v="0.806140"/>
            </vertex>
            <vertex>
                <position y="-0.031250" x="6.894088" z="-15.051416"/>
                <normal y="-0.000000" x="0.000000" z="-1.000000"/>
                <texcoord u="0.938978" v="0.806140"/>
            </vertex>
            <vertex>
                <position y="-0.116154" x="6.894088" z="-15.051416"/>
                <normal y="-0.000000" x="0.000000" z="-1.000000"/>
                <texcoord u="0.938978" v="0.809349"/>
            </vertex>
            <vertex>
                <position y="-0.116154" x="-7.272000" z="-15.051416"/>
                <normal y="-0.000000" x="0.000000" z="-1.000000"/>
                <texcoord u="0.528230" v="0.809349"/>
            </vertex>
            <vertex>
                <position y="-0.031250" x="6.894088" z="-15.051416"/>
                <normal y="-0.000000" x="1.000000" z="-0.000000"/>
                <texcoord u="0.498940" v="0.806140"/>
            </vertex>
            <vertex>
                <position y="-0.031250" x="6.894088" z="-0.037839"/>
                <normal y="-0.000000" x="1.000000" z="-0.000000"/>
                <texcoord u="0.063618" v="0.806140"/>
            </vertex>
            <vertex>
                <position y="-0.116154" x="6.894088" z="-0.037839"/>
                <normal y="-0.000000" x="1.000000" z="-0.000000"/>
                <texcoord u="0.063618" v="0.809349"/>
            </vertex>
            <vertex>
                <position y="-0.116154" x="6.894088" z="-15.051416"/>
                <normal y="-0.000000" x="1.000000" z="-0.000000"/>
                <texcoord u="0.498940" v="0.809349"/>
            </vertex>
            <vertex>
                <position y="-0.116154" x="-7.272000" z="-0.037839"/>
                <normal y="-0.000000" x="0.000000" z="1.000000"/>
                <texcoord u="0.075904" v="0.809349"/>
            </vertex>
            <vertex>
                <position y="-0.116154" x="6.894088" z="-0.037839"/>
                <normal y="-0.000000" x="0.000000" z="1.000000"/>
                <texcoord u="0.486653" v="0.809349"/>
            </vertex>
            <vertex>
                <position y="-0.031250" x="6.894088" z="-0.037839"/>
                <normal y="-0.000000" x="0.000000" z="1.000000"/>
                <texcoord u="0.486653" v="0.806140"/>
            </vertex>
            <vertex>
                <position y="-0.031250" x="-7.272000" z="-0.037839"/>
                <normal y="-0.000000" x="0.000000" z="1.000000"/>
                <texcoord u="0.075904" v="0.806140"/>
            </vertex>
            <vertex>
                <position y="-0.116154" x="-7.272000" z="-0.037839"/>
                <normal y="-1.000000" x="-0.000000" z="-0.000000"/>
                <texcoord u="0.528230" v="0.804801"/>
            </vertex>
            <vertex>
                <position y="-0.116154" x="-7.272000" z="-15.051416"/>
                <normal y="-1.000000" x="-0.000000" z="-0.000000"/>
                <texcoord u="0.528230" v="0.237375"/>
            </vertex>
            <vertex>
                <position y="-0.116154" x="6.894088" z="-15.051416"/>
                <normal y="-1.000000" x="-0.000000" z="-0.000000"/>
                <texcoord u="0.938978" v="0.237375"/>
            </vertex>
            <vertex>
                <position y="-0.116154" x="6.894088" z="-0.037839"/>
                <normal y="-1.000000" x="-0.000000" z="-0.000000"/>
                <texcoord u="0.938978" v="0.804801"/>
            </vertex>
            <vertex>
                <position y="-0.031250" x="6.894088" z="-0.037839"/>
                <normal y="1.000000" x="-0.000000" z="-0.000000"/>
                <texcoord u="0.486653" v="0.804801"/>
            </vertex>
            <vertex>
                <position y="-0.031250" x="6.894088" z="-15.051416"/>
                <normal y="1.000000" x="-0.000000" z="-0.000000"/>
                <texcoord u="0.486653" v="0.237375"/>
            </vertex>
            <vertex>
                <position y="-0.031250" x="-7.272000" z="-15.051416"/>
                <normal y="1.000000" x="-0.000000" z="-0.000000"/>
                <texcoord u="0.075904" v="0.237375"/>
            </vertex>
            <vertex>
                <position y="-0.031250" x="-7.272000" z="-0.037839"/>
                <normal y="1.000000" x="-0.000000" z="-0.000000"/>
                <texcoord u="0.075904" v="0.804801"/>
            </vertex>
        </vertexbuffer>
    </sharedgeometry>
    <submeshes>
        <submesh operationtype="triangle_list" usesharedvertices="true" material="suelo" use32bitindexes="False">
            <faces count="12">
                <face v3="2" v2="1" v1="0"/>
                <face v3="3" v2="2" v1="0"/>
                <face v3="6" v2="5" v1="4"/>
                <face v3="7" v2="6" v1="4"/>
                <face v3="10" v2="9" v1="8"/>
                <face v3="11" v2="10" v1="8"/>
                <face v3="14" v2="13" v1="12"/>
                <face v3="15" v2="14" v1="12"/>
                <face v3="18" v2="17" v1="16"/>
                <face v3="19" v2="18" v1="16"/>
                <face v3="22" v2="21" v1="20"/>
                <face v3="23" v2="22" v1="20"/>
            </faces>
        </submesh>
    </submeshes>
    <submeshnames>
        <submesh index="0" name="suelo">
        </submesh>
    </submeshnames>
</mesh>