<?xml version="1.0" encoding="UTF-8"?>
<mesh>
    <sharedgeometry vertexcount="72">
        <vertexbuffer positions="true" colours_diffuse="False" normals="true" texture_coords="1">
            <vertex>
                <position z="-11.011051" x="4.635064" y="-0.031304"/>
                <normal z="-0.000000" x="-1.000000" y="-0.000000"/>
                <texcoord u="-6.034660" v="-1.853957"/>
            </vertex>
            <vertex>
                <position z="-0.016595" x="4.635064" y="-0.031304"/>
                <normal z="-0.000000" x="-1.000000" y="-0.000000"/>
                <texcoord u="0.261045" v="-1.853957"/>
            </vertex>
            <vertex>
                <position z="-0.016595" x="4.635064" y="0.629169"/>
                <normal z="-0.000000" x="-1.000000" y="-0.000000"/>
                <texcoord u="0.261045" v="-1.349685"/>
            </vertex>
            <vertex>
                <position z="-11.011051" x="4.635064" y="0.629169"/>
                <normal z="-0.000000" x="-1.000000" y="-0.000000"/>
                <texcoord u="-6.034660" v="-1.349685"/>
            </vertex>
            <vertex>
                <position z="-11.011051" x="4.635064" y="0.629169"/>
                <normal z="-1.000000" x="0.000000" y="-0.000000"/>
                <texcoord u="-0.071491" v="-1.349685"/>
            </vertex>
            <vertex>
                <position z="-11.011051" x="5.299237" y="0.629169"/>
                <normal z="-1.000000" x="0.000000" y="-0.000000"/>
                <texcoord u="-0.451814" v="-1.349685"/>
            </vertex>
            <vertex>
                <position z="-11.011051" x="5.299237" y="-0.031304"/>
                <normal z="-1.000000" x="0.000000" y="-0.000000"/>
                <texcoord u="-0.451814" v="-1.853957"/>
            </vertex>
            <vertex>
                <position z="-11.011051" x="4.635064" y="-0.031304"/>
                <normal z="-1.000000" x="0.000000" y="-0.000000"/>
                <texcoord u="-0.071491" v="-1.853957"/>
            </vertex>
            <vertex>
                <position z="-11.011051" x="5.299237" y="0.629169"/>
                <normal z="-0.000000" x="1.000000" y="-0.000000"/>
                <texcoord u="0.836845" v="-1.349685"/>
            </vertex>
            <vertex>
                <position z="-0.016595" x="5.299237" y="0.629169"/>
                <normal z="-0.000000" x="1.000000" y="-0.000000"/>
                <texcoord u="7.132547" v="-1.349685"/>
            </vertex>
            <vertex>
                <position z="-0.016595" x="5.299237" y="-0.031304"/>
                <normal z="-0.000000" x="1.000000" y="-0.000000"/>
                <texcoord u="7.132547" v="-1.853957"/>
            </vertex>
            <vertex>
                <position z="-11.011051" x="5.299237" y="-0.031304"/>
                <normal z="-0.000000" x="1.000000" y="-0.000000"/>
                <texcoord u="0.836845" v="-1.853957"/>
            </vertex>
            <vertex>
                <position z="-0.016595" x="4.635064" y="-0.031304"/>
                <normal z="1.000000" x="0.000000" y="-0.000000"/>
                <texcoord u="1.073759" v="-1.853957"/>
            </vertex>
            <vertex>
                <position z="-0.016595" x="5.299237" y="-0.031304"/>
                <normal z="1.000000" x="0.000000" y="-0.000000"/>
                <texcoord u="0.693437" v="-1.853957"/>
            </vertex>
            <vertex>
                <position z="-0.016595" x="5.299237" y="0.629169"/>
                <normal z="1.000000" x="0.000000" y="-0.000000"/>
                <texcoord u="0.693437" v="-1.349685"/>
            </vertex>
            <vertex>
                <position z="-0.016595" x="4.635064" y="0.629169"/>
                <normal z="1.000000" x="0.000000" y="-0.000000"/>
                <texcoord u="1.073759" v="-1.349685"/>
            </vertex>
            <vertex>
                <position z="-0.016595" x="4.635064" y="-0.031304"/>
                <normal z="-0.000000" x="-0.000000" y="-1.000000"/>
                <texcoord u="-0.071491" v="-1.857280"/>
            </vertex>
            <vertex>
                <position z="-11.011051" x="4.635064" y="-0.031304"/>
                <normal z="-0.000000" x="-0.000000" y="-1.000000"/>
                <texcoord u="-0.071491" v="6.536990"/>
            </vertex>
            <vertex>
                <position z="-11.011051" x="5.299237" y="-0.031304"/>
                <normal z="-0.000000" x="-0.000000" y="-1.000000"/>
                <texcoord u="-0.451814" v="6.536990"/>
            </vertex>
            <vertex>
                <position z="-0.016595" x="5.299237" y="-0.031304"/>
                <normal z="-0.000000" x="-0.000000" y="-1.000000"/>
                <texcoord u="-0.451814" v="-1.857280"/>
            </vertex>
            <vertex>
                <position z="-0.016595" x="5.299237" y="0.629169"/>
                <normal z="-0.000000" x="-0.000000" y="1.000000"/>
                <texcoord u="0.693437" v="-1.857280"/>
            </vertex>
            <vertex>
                <position z="-11.011051" x="5.299237" y="0.629169"/>
                <normal z="-0.000000" x="-0.000000" y="1.000000"/>
                <texcoord u="0.693437" v="6.536990"/>
            </vertex>
            <vertex>
                <position z="-11.011051" x="4.635064" y="0.629169"/>
                <normal z="-0.000000" x="-0.000000" y="1.000000"/>
                <texcoord u="1.073759" v="6.536990"/>
            </vertex>
            <vertex>
                <position z="-0.016595" x="4.635064" y="0.629169"/>
                <normal z="-0.000000" x="-0.000000" y="1.000000"/>
                <texcoord u="1.073759" v="-1.857280"/>
            </vertex>
            <vertex>
                <position z="-0.016595" x="-5.592100" y="0.629169"/>
                <normal z="-0.000000" x="-1.000000" y="0.000000"/>
                <texcoord u="0.261045" v="-1.349685"/>
            </vertex>
            <vertex>
                <position z="-11.011051" x="-5.592100" y="0.629169"/>
                <normal z="-0.000000" x="-1.000000" y="0.000000"/>
                <texcoord u="-6.034660" v="-1.349685"/>
            </vertex>
            <vertex>
                <position z="-11.011051" x="-5.592100" y="-0.031304"/>
                <normal z="-0.000000" x="-1.000000" y="0.000000"/>
                <texcoord u="-6.034660" v="-1.853957"/>
            </vertex>
            <vertex>
                <position z="-0.016595" x="-5.592100" y="-0.031304"/>
                <normal z="-0.000000" x="-1.000000" y="0.000000"/>
                <texcoord u="0.261045" v="-1.853957"/>
            </vertex>
            <vertex>
                <position z="-11.011051" x="-5.592100" y="0.629169"/>
                <normal z="-1.000000" x="0.000000" y="-0.000000"/>
                <texcoord u="0.058588" v="-1.349685"/>
            </vertex>
            <vertex>
                <position z="-11.011051" x="-4.927927" y="0.629169"/>
                <normal z="-1.000000" x="0.000000" y="-0.000000"/>
                <texcoord u="-0.321734" v="-1.349685"/>
            </vertex>
            <vertex>
                <position z="-11.011051" x="-4.927927" y="-0.031304"/>
                <normal z="-1.000000" x="0.000000" y="-0.000000"/>
                <texcoord u="-0.321734" v="-1.853957"/>
            </vertex>
            <vertex>
                <position z="-11.011051" x="-5.592100" y="-0.031304"/>
                <normal z="-1.000000" x="0.000000" y="-0.000000"/>
                <texcoord u="0.058588" v="-1.853957"/>
            </vertex>
            <vertex>
                <position z="-11.011051" x="-4.927927" y="0.629169"/>
                <normal z="-0.000000" x="1.000000" y="-0.000000"/>
                <texcoord u="0.836845" v="-1.349685"/>
            </vertex>
            <vertex>
                <position z="-0.016595" x="-4.927927" y="0.629169"/>
                <normal z="-0.000000" x="1.000000" y="-0.000000"/>
                <texcoord u="7.132547" v="-1.349685"/>
            </vertex>
            <vertex>
                <position z="-0.016595" x="-4.927927" y="-0.031304"/>
                <normal z="-0.000000" x="1.000000" y="-0.000000"/>
                <texcoord u="7.132547" v="-1.853957"/>
            </vertex>
            <vertex>
                <position z="-11.011051" x="-4.927927" y="-0.031304"/>
                <normal z="-0.000000" x="1.000000" y="-0.000000"/>
                <texcoord u="0.836845" v="-1.853957"/>
            </vertex>
            <vertex>
                <position z="-0.016595" x="-4.927927" y="0.629169"/>
                <normal z="1.000000" x="0.000000" y="0.000000"/>
                <texcoord u="0.823517" v="-1.349685"/>
            </vertex>
            <vertex>
                <position z="-0.016595" x="-5.592100" y="0.629169"/>
                <normal z="1.000000" x="0.000000" y="0.000000"/>
                <texcoord u="1.203839" v="-1.349685"/>
            </vertex>
            <vertex>
                <position z="-0.016595" x="-5.592100" y="-0.031304"/>
                <normal z="1.000000" x="0.000000" y="0.000000"/>
                <texcoord u="1.203839" v="-1.853957"/>
            </vertex>
            <vertex>
                <position z="-0.016595" x="-4.927927" y="-0.031304"/>
                <normal z="1.000000" x="0.000000" y="0.000000"/>
                <texcoord u="0.823517" v="-1.853957"/>
            </vertex>
            <vertex>
                <position z="-0.016595" x="-5.592100" y="-0.031304"/>
                <normal z="-0.000000" x="-0.000000" y="-1.000000"/>
                <texcoord u="0.058588" v="-1.857280"/>
            </vertex>
            <vertex>
                <position z="-11.011051" x="-5.592100" y="-0.031304"/>
                <normal z="-0.000000" x="-0.000000" y="-1.000000"/>
                <texcoord u="0.058588" v="6.536990"/>
            </vertex>
            <vertex>
                <position z="-11.011051" x="-4.927927" y="-0.031304"/>
                <normal z="-0.000000" x="-0.000000" y="-1.000000"/>
                <texcoord u="-0.321734" v="6.536990"/>
            </vertex>
            <vertex>
                <position z="-0.016595" x="-4.927927" y="-0.031304"/>
                <normal z="-0.000000" x="-0.000000" y="-1.000000"/>
                <texcoord u="-0.321734" v="-1.857280"/>
            </vertex>
            <vertex>
                <position z="-0.016595" x="-4.927927" y="0.629169"/>
                <normal z="-0.000000" x="-0.000000" y="1.000000"/>
                <texcoord u="0.823517" v="-1.857280"/>
            </vertex>
            <vertex>
                <position z="-11.011051" x="-4.927927" y="0.629169"/>
                <normal z="-0.000000" x="-0.000000" y="1.000000"/>
                <texcoord u="0.823517" v="6.536990"/>
            </vertex>
            <vertex>
                <position z="-11.011051" x="-5.592100" y="0.629169"/>
                <normal z="-0.000000" x="-0.000000" y="1.000000"/>
                <texcoord u="1.203839" v="6.536990"/>
            </vertex>
            <vertex>
                <position z="-0.016595" x="-5.592100" y="0.629169"/>
                <normal z="-0.000000" x="-0.000000" y="1.000000"/>
                <texcoord u="1.203839" v="-1.857280"/>
            </vertex>
            <vertex>
                <position z="-10.991446" x="-5.584408" y="0.629169"/>
                <normal z="-0.000000" x="-1.000000" y="0.000000"/>
                <texcoord u="0.848071" v="-1.349685"/>
            </vertex>
            <vertex>
                <position z="-11.581621" x="-5.584408" y="0.629169"/>
                <normal z="-0.000000" x="-1.000000" y="0.000000"/>
                <texcoord u="0.510122" v="-1.349685"/>
            </vertex>
            <vertex>
                <position z="-11.581621" x="-5.584408" y="-0.031304"/>
                <normal z="-0.000000" x="-1.000000" y="0.000000"/>
                <texcoord u="0.510122" v="-1.853957"/>
            </vertex>
            <vertex>
                <position z="-10.991446" x="-5.584408" y="-0.031304"/>
                <normal z="-0.000000" x="-1.000000" y="0.000000"/>
                <texcoord u="0.848071" v="-1.853957"/>
            </vertex>
            <vertex>
                <position z="-11.581621" x="-5.584408" y="0.629169"/>
                <normal z="-1.000000" x="0.000000" y="-0.000000"/>
                <texcoord u="0.054184" v="-1.349685"/>
            </vertex>
            <vertex>
                <position z="-11.581621" x="5.282018" y="0.629169"/>
                <normal z="-1.000000" x="0.000000" y="-0.000000"/>
                <texcoord u="-6.168207" v="-1.349685"/>
            </vertex>
            <vertex>
                <position z="-11.581621" x="5.282018" y="-0.031304"/>
                <normal z="-1.000000" x="0.000000" y="-0.000000"/>
                <texcoord u="-6.168207" v="-1.853957"/>
            </vertex>
            <vertex>
                <position z="-11.581621" x="-5.584408" y="-0.031304"/>
                <normal z="-1.000000" x="0.000000" y="-0.000000"/>
                <texcoord u="0.054184" v="-1.853957"/>
            </vertex>
            <vertex>
                <position z="-11.581621" x="5.282018" y="0.629169"/>
                <normal z="-0.000000" x="1.000000" y="-0.000000"/>
                <texcoord u="0.510122" v="-1.349685"/>
            </vertex>
            <vertex>
                <position z="-10.991446" x="5.282018" y="0.629169"/>
                <normal z="-0.000000" x="1.000000" y="-0.000000"/>
                <texcoord u="0.848071" v="-1.349685"/>
            </vertex>
            <vertex>
                <position z="-10.991446" x="5.282018" y="-0.031304"/>
                <normal z="-0.000000" x="1.000000" y="-0.000000"/>
                <texcoord u="0.848071" v="-1.853957"/>
            </vertex>
            <vertex>
                <position z="-11.581621" x="5.282018" y="-0.031304"/>
                <normal z="-0.000000" x="1.000000" y="-0.000000"/>
                <texcoord u="0.510122" v="-1.853957"/>
            </vertex>
            <vertex>
                <position z="-10.991446" x="5.282018" y="0.629169"/>
                <normal z="1.000000" x="0.000000" y="0.000000"/>
                <texcoord u="0.703297" v="-1.349685"/>
            </vertex>
            <vertex>
                <position z="-10.991446" x="-5.584408" y="0.629169"/>
                <normal z="1.000000" x="0.000000" y="0.000000"/>
                <texcoord u="6.925687" v="-1.349685"/>
            </vertex>
            <vertex>
                <position z="-10.991446" x="-5.584408" y="-0.031304"/>
                <normal z="1.000000" x="0.000000" y="0.000000"/>
                <texcoord u="6.925687" v="-1.853957"/>
            </vertex>
            <vertex>
                <position z="-10.991446" x="5.282018" y="-0.031304"/>
                <normal z="1.000000" x="0.000000" y="0.000000"/>
                <texcoord u="0.703297" v="-1.853957"/>
            </vertex>
            <vertex>
                <position z="-10.991446" x="-5.584408" y="-0.031304"/>
                <normal z="-0.000000" x="-0.000000" y="-1.000000"/>
                <texcoord u="0.054184" v="-2.639983"/>
            </vertex>
            <vertex>
                <position z="-11.581621" x="-5.584408" y="-0.031304"/>
                <normal z="-0.000000" x="-0.000000" y="-1.000000"/>
                <texcoord u="0.054184" v="-2.189384"/>
            </vertex>
            <vertex>
                <position z="-11.581621" x="5.282018" y="-0.031304"/>
                <normal z="-0.000000" x="-0.000000" y="-1.000000"/>
                <texcoord u="-6.168207" v="-2.189384"/>
            </vertex>
            <vertex>
                <position z="-10.991446" x="5.282018" y="-0.031304"/>
                <normal z="-0.000000" x="-0.000000" y="-1.000000"/>
                <texcoord u="-6.168207" v="-2.639983"/>
            </vertex>
            <vertex>
                <position z="-10.991446" x="5.282018" y="0.629169"/>
                <normal z="-0.000000" x="-0.000000" y="1.000000"/>
                <texcoord u="0.703297" v="-2.639983"/>
            </vertex>
            <vertex>
                <position z="-11.581621" x="5.282018" y="0.629169"/>
                <normal z="-0.000000" x="-0.000000" y="1.000000"/>
                <texcoord u="0.703297" v="-2.189384"/>
            </vertex>
            <vertex>
                <position z="-11.581621" x="-5.584408" y="0.629169"/>
                <normal z="-0.000000" x="-0.000000" y="1.000000"/>
                <texcoord u="6.925687" v="-2.189384"/>
            </vertex>
            <vertex>
                <position z="-10.991446" x="-5.584408" y="0.629169"/>
                <normal z="-0.000000" x="-0.000000" y="1.000000"/>
                <texcoord u="6.925687" v="-2.639983"/>
            </vertex>
        </vertexbuffer>
    </sharedgeometry>
    <submeshes>
        <submesh use32bitindexes="False" operationtype="triangle_list" material="laterales" usesharedvertices="true">
            <faces count="36">
                <face v3="2" v1="0" v2="1"/>
                <face v3="3" v1="0" v2="2"/>
                <face v3="6" v1="4" v2="5"/>
                <face v3="7" v1="4" v2="6"/>
                <face v3="10" v1="8" v2="9"/>
                <face v3="11" v1="8" v2="10"/>
                <face v3="14" v1="12" v2="13"/>
                <face v3="15" v1="12" v2="14"/>
                <face v3="18" v1="16" v2="17"/>
                <face v3="19" v1="16" v2="18"/>
                <face v3="22" v1="20" v2="21"/>
                <face v3="23" v1="20" v2="22"/>
                <face v3="26" v1="24" v2="25"/>
                <face v3="27" v1="24" v2="26"/>
                <face v3="30" v1="28" v2="29"/>
                <face v3="31" v1="28" v2="30"/>
                <face v3="34" v1="32" v2="33"/>
                <face v3="35" v1="32" v2="34"/>
                <face v3="38" v1="36" v2="37"/>
                <face v3="39" v1="36" v2="38"/>
                <face v3="42" v1="40" v2="41"/>
                <face v3="43" v1="40" v2="42"/>
                <face v3="46" v1="44" v2="45"/>
                <face v3="47" v1="44" v2="46"/>
                <face v3="50" v1="48" v2="49"/>
                <face v3="51" v1="48" v2="50"/>
                <face v3="54" v1="52" v2="53"/>
                <face v3="55" v1="52" v2="54"/>
                <face v3="58" v1="56" v2="57"/>
                <face v3="59" v1="56" v2="58"/>
                <face v3="62" v1="60" v2="61"/>
                <face v3="63" v1="60" v2="62"/>
                <face v3="66" v1="64" v2="65"/>
                <face v3="67" v1="64" v2="66"/>
                <face v3="70" v1="68" v2="69"/>
                <face v3="71" v1="68" v2="70"/>
            </faces>
        </submesh>
    </submeshes>
    <submeshnames>
        <submesh name="laterales" index="0">
        </submesh>
    </submeshnames>
</mesh>