<?xml version="1.0" encoding="UTF-8"?>
<mesh>
    <sharedgeometry vertexcount="24">
        <vertexbuffer positions="true" colours_diffuse="False" normals="true" texture_coords="1">
            <vertex>
                <position z="-11.585511" x="-5.599690" y="-0.529566"/>
                <normal z="-0.000000" x="-1.000000" y="-0.000000"/>
                <texcoord u="1.649812" v="1.201882"/>
            </vertex>
            <vertex>
                <position z="-0.036606" x="-5.599690" y="-0.529566"/>
                <normal z="-0.000000" x="-1.000000" y="-0.000000"/>
                <texcoord u="0.497114" v="1.201882"/>
            </vertex>
            <vertex>
                <position z="-0.036606" x="-5.599690" y="0.047180"/>
                <normal z="-0.000000" x="-1.000000" y="-0.000000"/>
                <texcoord u="0.497114" v="1.115448"/>
            </vertex>
            <vertex>
                <position z="-11.585511" x="-5.599690" y="0.047180"/>
                <normal z="-0.000000" x="-1.000000" y="-0.000000"/>
                <texcoord u="1.649812" v="1.115448"/>
            </vertex>
            <vertex>
                <position z="-11.585511" x="-5.599690" y="0.047180"/>
                <normal z="-1.000000" x="0.000000" y="-0.000000"/>
                <texcoord u="0.529647" v="1.115448"/>
            </vertex>
            <vertex>
                <position z="-11.585511" x="5.297300" y="0.047180"/>
                <normal z="-1.000000" x="0.000000" y="-0.000000"/>
                <texcoord u="1.617278" v="1.115448"/>
            </vertex>
            <vertex>
                <position z="-11.585511" x="5.297300" y="-0.529566"/>
                <normal z="-1.000000" x="0.000000" y="-0.000000"/>
                <texcoord u="1.617278" v="1.201882"/>
            </vertex>
            <vertex>
                <position z="-11.585511" x="-5.599690" y="-0.529566"/>
                <normal z="-1.000000" x="0.000000" y="-0.000000"/>
                <texcoord u="0.529647" v="1.201882"/>
            </vertex>
            <vertex>
                <position z="-11.585511" x="5.297300" y="0.047180"/>
                <normal z="-0.000000" x="1.000000" y="-0.000000"/>
                <texcoord u="0.452090" v="1.115448"/>
            </vertex>
            <vertex>
                <position z="-0.036606" x="5.297300" y="0.047180"/>
                <normal z="-0.000000" x="1.000000" y="-0.000000"/>
                <texcoord u="-0.700609" v="1.115448"/>
            </vertex>
            <vertex>
                <position z="-0.036606" x="5.297300" y="-0.529566"/>
                <normal z="-0.000000" x="1.000000" y="-0.000000"/>
                <texcoord u="-0.700609" v="1.201882"/>
            </vertex>
            <vertex>
                <position z="-11.585511" x="5.297300" y="-0.529566"/>
                <normal z="-0.000000" x="1.000000" y="-0.000000"/>
                <texcoord u="0.452090" v="1.201882"/>
            </vertex>
            <vertex>
                <position z="-0.036606" x="-5.599690" y="-0.529566"/>
                <normal z="1.000000" x="0.000000" y="-0.000000"/>
                <texcoord u="-0.668075" v="1.201882"/>
            </vertex>
            <vertex>
                <position z="-0.036606" x="5.297300" y="-0.529566"/>
                <normal z="1.000000" x="0.000000" y="-0.000000"/>
                <texcoord u="0.419556" v="1.201882"/>
            </vertex>
            <vertex>
                <position z="-0.036606" x="5.297300" y="0.047180"/>
                <normal z="1.000000" x="0.000000" y="-0.000000"/>
                <texcoord u="0.419556" v="1.115448"/>
            </vertex>
            <vertex>
                <position z="-0.036606" x="-5.599690" y="0.047180"/>
                <normal z="1.000000" x="0.000000" y="-0.000000"/>
                <texcoord u="-0.668075" v="1.115448"/>
            </vertex>
            <vertex>
                <position z="-0.036606" x="-5.599690" y="-0.529566"/>
                <normal z="-0.000000" x="-0.000000" y="-1.000000"/>
                <texcoord u="0.529647" v="1.124863"/>
            </vertex>
            <vertex>
                <position z="-11.585511" x="-5.599690" y="-0.529566"/>
                <normal z="-0.000000" x="-0.000000" y="-1.000000"/>
                <texcoord u="0.529647" v="-0.605915"/>
            </vertex>
            <vertex>
                <position z="-11.585511" x="5.297300" y="-0.529566"/>
                <normal z="-0.000000" x="-0.000000" y="-1.000000"/>
                <texcoord u="1.617278" v="-0.605915"/>
            </vertex>
            <vertex>
                <position z="-0.036606" x="5.297300" y="-0.529566"/>
                <normal z="-0.000000" x="-0.000000" y="-1.000000"/>
                <texcoord u="1.617278" v="1.124863"/>
            </vertex>
            <vertex>
                <position z="-0.036606" x="5.297300" y="0.047180"/>
                <normal z="-0.000000" x="-0.000000" y="1.000000"/>
                <texcoord u="0.419556" v="1.124863"/>
            </vertex>
            <vertex>
                <position z="-11.585511" x="5.297300" y="0.047180"/>
                <normal z="-0.000000" x="-0.000000" y="1.000000"/>
                <texcoord u="0.419556" v="-0.605915"/>
            </vertex>
            <vertex>
                <position z="-11.585511" x="-5.599690" y="0.047180"/>
                <normal z="-0.000000" x="-0.000000" y="1.000000"/>
                <texcoord u="-0.668075" v="-0.605915"/>
            </vertex>
            <vertex>
                <position z="-0.036606" x="-5.599690" y="0.047180"/>
                <normal z="-0.000000" x="-0.000000" y="1.000000"/>
                <texcoord u="-0.668075" v="1.124863"/>
            </vertex>
        </vertexbuffer>
    </sharedgeometry>
    <submeshes>
        <submesh use32bitindexes="False" operationtype="triangle_list" material="suelo" usesharedvertices="true">
            <faces count="12">
                <face v3="2" v1="0" v2="1"/>
                <face v3="3" v1="0" v2="2"/>
                <face v3="6" v1="4" v2="5"/>
                <face v3="7" v1="4" v2="6"/>
                <face v3="10" v1="8" v2="9"/>
                <face v3="11" v1="8" v2="10"/>
                <face v3="14" v1="12" v2="13"/>
                <face v3="15" v1="12" v2="14"/>
                <face v3="18" v1="16" v2="17"/>
                <face v3="19" v1="16" v2="18"/>
                <face v3="22" v1="20" v2="21"/>
                <face v3="23" v1="20" v2="22"/>
            </faces>
        </submesh>
    </submeshes>
    <submeshnames>
        <submesh name="suelo" index="0">
        </submesh>
    </submeshnames>
</mesh>